Date,Time (UTC),Active Power L1 (W)
6/1/2022,21:00:07:055,0
6/1/2022,21:01:07:055,0
6/1/2022,21:02:07:055,0
6/1/2022,21:03:07:055,0
6/1/2022,21:04:07:055,0
6/1/2022,21:05:07:063,0
6/1/2022,21:06:07:063,0
6/1/2022,21:07:07:063,0
6/1/2022,21:08:07:063,0
6/1/2022,21:09:07:063,0
6/1/2022,21:10:07:071,0
6/1/2022,21:11:07:072,0
6/1/2022,21:12:07:072,0
6/1/2022,21:13:07:072,0
6/1/2022,21:14:07:072,0
6/1/2022,21:15:07:080,0
6/1/2022,21:16:07:080,0
6/1/2022,21:17:07:080,0
6/1/2022,21:18:07:080,0
6/1/2022,21:19:07:080,0
6/1/2022,21:20:07:088,0
6/1/2022,21:21:07:088,0
6/1/2022,21:22:07:088,0
6/1/2022,21:23:07:088,0
6/1/2022,21:24:07:088,0
6/1/2022,21:25:07:096,0
6/1/2022,21:26:07:096,0
6/1/2022,21:27:07:096,0
6/1/2022,21:28:07:096,0
6/1/2022,21:29:07:096,0
6/1/2022,21:30:07:103,0
6/1/2022,21:31:07:103,0
6/1/2022,21:32:07:103,0
6/1/2022,21:33:07:103,0
6/1/2022,21:34:07:103,0
6/1/2022,21:35:07:112,0
6/1/2022,21:36:07:112,0
6/1/2022,21:37:07:112,0
6/1/2022,21:38:07:112,0
6/1/2022,21:39:07:112,0
6/1/2022,21:40:07:121,0
6/1/2022,21:41:07:121,0
6/1/2022,21:42:07:121,0
6/1/2022,21:43:07:121,0
6/1/2022,21:44:07:121,0
6/1/2022,21:45:07:129,0
6/1/2022,21:46:07:130,0
6/1/2022,21:47:07:129,0
6/1/2022,21:48:07:129,0
6/1/2022,21:49:07:129,0
6/1/2022,21:50:07:137,0
6/1/2022,21:51:07:137,0
6/1/2022,21:52:07:137,0
6/1/2022,21:53:07:137,0
6/1/2022,21:54:07:137,0
6/1/2022,21:55:07:145,0
6/1/2022,21:56:07:145,0
6/1/2022,21:57:07:145,0
6/1/2022,21:58:07:145,0
6/1/2022,21:59:07:146,0
6/1/2022,22:00:07:153,0
6/1/2022,22:01:07:154,0
6/1/2022,22:02:07:154,0
6/1/2022,22:03:07:154,0
6/1/2022,22:04:07:154,0
6/1/2022,22:05:07:161,0
6/1/2022,22:06:07:161,0
6/1/2022,22:07:07:161,0
6/1/2022,22:08:07:161,0
6/1/2022,22:09:07:161,0
6/1/2022,22:10:07:169,0
6/1/2022,22:11:07:169,0
6/1/2022,22:12:07:169,0
6/1/2022,22:13:07:169,0
6/1/2022,22:14:07:169,0
6/1/2022,22:15:07:177,0
6/1/2022,22:16:07:177,0
6/1/2022,22:17:07:177,0
6/1/2022,22:18:07:177,0
6/1/2022,22:19:07:177,0
6/1/2022,22:20:04:171,0
6/1/2022,22:21:04:171,0
6/1/2022,22:22:04:171,0
6/1/2022,22:23:04:171,0
6/1/2022,22:24:04:171,0
6/1/2022,22:25:04:179,0
6/1/2022,22:26:04:179,0
6/1/2022,22:27:04:179,0
6/1/2022,22:28:04:179,0
6/1/2022,22:29:04:179,0
6/1/2022,22:30:04:188,0
6/1/2022,22:31:04:188,0
6/1/2022,22:32:04:188,0
6/1/2022,22:33:04:189,0
6/1/2022,22:34:04:190,0
6/1/2022,22:35:04:197,0
6/1/2022,22:36:04:197,0
6/1/2022,22:37:04:197,0
6/1/2022,22:38:04:197,0
6/1/2022,22:39:04:197,0
6/1/2022,22:40:04:226,0
6/1/2022,22:41:04:226,0
6/1/2022,22:42:04:226,0
6/1/2022,22:43:04:226,0
6/1/2022,22:44:04:226,0
6/1/2022,22:45:04:234,0
6/1/2022,22:46:04:234,0
6/1/2022,22:47:04:234,0
6/1/2022,22:48:04:234,0
6/1/2022,22:49:04:234,0
6/1/2022,22:50:04:242,0
6/1/2022,22:51:04:242,0
6/1/2022,22:52:04:242,0
6/1/2022,22:53:04:242,0
6/1/2022,22:54:04:242,0
6/1/2022,22:55:04:250,0
6/1/2022,22:56:04:250,0
6/1/2022,22:57:04:250,0
6/1/2022,22:58:04:250,0
6/1/2022,22:59:04:250,0
6/1/2022,23:00:04:258,0
6/1/2022,23:01:04:258,0
6/1/2022,23:02:04:258,0
6/1/2022,23:03:04:258,0
6/1/2022,23:04:04:258,0
6/1/2022,23:05:04:266,0
6/1/2022,23:06:04:266,0
6/1/2022,23:07:04:266,0
6/1/2022,23:08:04:266,0
6/1/2022,23:09:04:266,0
6/1/2022,23:10:04:274,0
6/1/2022,23:11:04:274,0
6/1/2022,23:12:04:274,0
6/1/2022,23:13:04:274,0
6/1/2022,23:14:04:274,0
6/1/2022,23:15:04:283,0
6/1/2022,23:16:04:283,0
6/1/2022,23:17:04:283,0
6/1/2022,23:18:04:283,0
6/1/2022,23:19:04:283,0
6/1/2022,23:20:04:291,0
6/1/2022,23:23:04:292,0
6/1/2022,23:24:04:292,0
6/1/2022,23:25:04:491,0
6/1/2022,23:26:04:491,0
6/1/2022,23:28:04:157,0
6/1/2022,23:29:04:152,0
6/1/2022,23:30:04:160,0
6/1/2022,23:31:04:177,0
6/1/2022,23:32:04:177,0
6/1/2022,23:33:04:177,0
6/1/2022,23:34:04:177,0
6/1/2022,23:35:04:185,0
6/1/2022,23:38:03:905,0
6/1/2022,23:39:03:905,0
6/1/2022,23:40:03:913,0
6/1/2022,23:41:03:913,0
6/1/2022,23:42:03:913,0
6/1/2022,23:45:04:495,0
6/1/2022,23:46:04:496,0
6/1/2022,23:54:03:617,0
6/1/2022,23:55:03:625,0
6/2/2022,00:11:03:721,0
6/2/2022,00:12:03:721,0
6/2/2022,00:13:03:721,0
6/2/2022,00:14:03:721,0
6/2/2022,00:15:03:729,0
6/2/2022,00:16:03:729,0
6/2/2022,00:17:03:729,0
6/2/2022,00:18:03:729,0
6/2/2022,00:19:03:729,0
6/2/2022,00:20:03:737,0
6/2/2022,00:21:03:737,0
6/2/2022,00:22:03:737,0
6/2/2022,00:23:03:737,0
6/2/2022,00:24:03:737,0
6/2/2022,00:25:03:745,0
6/2/2022,00:26:03:746,0
6/2/2022,00:27:03:746,0
6/2/2022,00:28:03:746,0
6/2/2022,00:29:03:746,0
6/2/2022,00:30:03:754,0
6/2/2022,00:31:03:754,0
6/2/2022,00:32:03:754,0
6/2/2022,00:33:03:754,0
6/2/2022,00:34:03:754,0
6/2/2022,00:35:03:763,0
6/2/2022,00:36:03:763,0
6/2/2022,00:37:03:763,0
6/2/2022,00:38:03:763,0
6/2/2022,00:39:03:763,0
6/2/2022,00:40:03:771,0
6/2/2022,00:41:03:771,0
6/2/2022,00:42:03:771,0
6/2/2022,00:43:03:771,0
6/2/2022,00:44:03:771,0
6/2/2022,00:45:03:779,0
6/2/2022,00:46:03:779,0
6/2/2022,00:47:03:779,0
6/2/2022,00:48:03:779,0
6/2/2022,00:49:03:779,0
6/2/2022,00:50:03:788,0
6/2/2022,00:51:03:788,0
6/2/2022,00:52:03:788,0
6/2/2022,00:53:03:788,0
6/2/2022,00:54:03:788,0
6/2/2022,00:55:03:796,0
6/2/2022,00:56:03:796,0
6/2/2022,00:57:03:797,0
6/2/2022,00:58:03:796,0
6/2/2022,00:59:03:796,0
6/2/2022,01:00:03:804,0
6/2/2022,01:01:03:804,0
6/2/2022,01:02:03:804,0
6/2/2022,01:03:03:804,0
6/2/2022,01:04:03:804,0
6/2/2022,01:05:03:812,0
6/2/2022,01:06:03:812,0
6/2/2022,01:07:03:813,0
6/2/2022,01:08:03:812,0
6/2/2022,01:09:03:812,0
6/2/2022,01:10:03:820,0
6/2/2022,01:11:03:820,0
6/2/2022,01:12:03:820,0
6/2/2022,01:13:03:820,0
6/2/2022,01:14:03:820,0
6/2/2022,01:15:03:828,0
6/2/2022,01:16:03:828,0
6/2/2022,01:17:03:828,0
6/2/2022,01:18:03:828,0
6/2/2022,01:19:03:828,0
6/2/2022,01:20:03:836,0
6/2/2022,01:21:03:836,0
6/2/2022,01:22:03:836,0
6/2/2022,01:23:03:836,0
6/2/2022,01:24:03:836,0
6/2/2022,01:25:03:845,0
6/2/2022,01:26:03:845,0
6/2/2022,01:27:03:845,0
6/2/2022,01:28:03:845,0
6/2/2022,01:29:03:845,0
6/2/2022,01:30:03:853,0
6/2/2022,01:31:03:853,0
6/2/2022,01:32:03:853,0
6/2/2022,01:33:03:853,0
6/2/2022,01:34:03:853,0
6/2/2022,01:35:03:861,0
6/2/2022,01:36:03:861,0
6/2/2022,01:37:03:861,0
6/2/2022,01:38:03:861,0
6/2/2022,01:39:03:861,0
6/2/2022,01:40:03:869,0
6/2/2022,01:41:03:869,0
6/2/2022,01:42:03:869,0
6/2/2022,01:43:03:869,0
6/2/2022,01:44:03:869,0
6/2/2022,01:45:03:877,0
6/2/2022,01:46:03:877,0
6/2/2022,01:47:03:877,0
6/2/2022,01:48:03:877,0
6/2/2022,01:49:03:877,0
6/2/2022,01:50:03:886,0
6/2/2022,01:51:03:886,0
6/2/2022,01:52:03:886,0
6/2/2022,01:53:03:886,0
6/2/2022,01:54:03:886,0
6/2/2022,01:55:03:895,0
6/2/2022,01:56:03:896,0
6/2/2022,01:57:03:895,0
6/2/2022,01:58:03:895,0
6/2/2022,01:59:03:895,0
6/2/2022,02:00:03:903,0
6/2/2022,02:01:03:903,0
6/2/2022,02:02:03:903,0
6/2/2022,02:03:03:903,0
6/2/2022,02:04:03:903,0
6/2/2022,02:05:03:911,0
6/2/2022,02:06:03:911,0
6/2/2022,02:07:03:911,0
6/2/2022,02:08:03:911,0
6/2/2022,02:09:03:911,0
6/2/2022,02:10:03:919,0
6/2/2022,02:11:03:919,0
6/2/2022,02:12:03:919,0
6/2/2022,02:13:03:919,0
6/2/2022,02:14:03:919,0
6/2/2022,02:15:03:928,0
6/2/2022,02:16:03:928,0
6/2/2022,02:17:03:928,0
6/2/2022,02:18:03:928,0
6/2/2022,02:19:03:928,0
6/2/2022,02:20:03:936,0
6/2/2022,02:21:03:936,0
6/2/2022,02:22:03:936,0
6/2/2022,02:23:03:936,0
6/2/2022,02:24:03:936,0
6/2/2022,02:25:03:944,0
6/2/2022,02:26:03:944,0
6/2/2022,02:27:03:944,0
6/2/2022,02:28:03:944,0
6/2/2022,02:29:03:944,0
6/2/2022,02:30:03:953,0
6/2/2022,02:31:03:953,0
6/2/2022,02:32:03:953,0
6/2/2022,02:33:03:953,0
6/2/2022,02:34:03:953,0
6/2/2022,02:35:03:961,0
6/2/2022,02:36:03:961,0
6/2/2022,02:37:03:961,0
6/2/2022,02:38:03:961,0
6/2/2022,02:39:03:961,0
6/2/2022,02:40:03:970,0
6/2/2022,02:41:03:970,0
6/2/2022,02:42:03:970,0
6/2/2022,02:43:03:970,0
6/2/2022,02:44:03:970,0
6/2/2022,02:45:03:978,0
6/2/2022,02:46:03:979,0
6/2/2022,02:47:03:979,0
6/2/2022,02:48:03:979,0
6/2/2022,02:49:03:979,0
6/2/2022,02:50:03:987,0
6/2/2022,02:51:03:987,0
6/2/2022,02:52:03:987,0
6/2/2022,02:53:03:987,0
6/2/2022,02:54:03:987,0
6/2/2022,02:55:03:995,0
6/2/2022,02:56:03:996,0
6/2/2022,02:57:03:996,0
6/2/2022,02:58:03:996,0
6/2/2022,02:59:03:996,0
6/2/2022,03:00:04:005,0
6/2/2022,03:01:04:005,0
6/2/2022,03:02:04:005,0
6/2/2022,03:03:04:006,0
6/2/2022,03:04:04:005,0
6/2/2022,03:05:04:013,0
6/2/2022,03:06:04:013,0
6/2/2022,03:07:04:013,0
6/2/2022,03:08:04:013,0
6/2/2022,03:09:04:013,0
6/2/2022,03:10:04:021,0
6/2/2022,03:11:04:021,0
6/2/2022,03:12:04:021,0
6/2/2022,03:13:04:021,0
6/2/2022,03:14:04:021,0
6/2/2022,03:15:04:029,0
6/2/2022,03:16:04:029,0
6/2/2022,03:17:04:029,0
6/2/2022,03:18:04:029,0
6/2/2022,03:19:04:029,0
6/2/2022,03:20:04:037,0
6/2/2022,03:21:04:037,0
6/2/2022,03:22:04:037,0
6/2/2022,03:23:04:037,0
6/2/2022,03:24:04:037,0
6/2/2022,03:25:04:045,0
6/2/2022,03:26:04:045,0
6/2/2022,03:27:04:045,0
6/2/2022,03:28:04:045,0
6/2/2022,03:29:04:045,0
6/2/2022,03:30:04:054,0
6/2/2022,03:31:04:054,0
6/2/2022,03:32:04:054,0
6/2/2022,03:33:04:054,0
6/2/2022,03:34:04:054,0
6/2/2022,03:35:04:062,0
6/2/2022,03:36:04:063,0
6/2/2022,03:37:04:063,0
6/2/2022,03:38:04:063,0
6/2/2022,03:39:04:063,0
6/2/2022,03:40:04:071,0
6/2/2022,03:41:04:072,0
6/2/2022,03:42:04:073,0
6/2/2022,03:43:04:072,0
6/2/2022,03:44:04:072,0
6/2/2022,03:45:04:080,0
6/2/2022,03:46:04:081,0
6/2/2022,03:47:04:081,0
6/2/2022,03:48:04:081,0
6/2/2022,03:49:04:081,0
6/2/2022,03:50:04:089,0
6/2/2022,03:51:04:089,0
6/2/2022,03:52:04:089,0
6/2/2022,03:53:04:089,0
6/2/2022,03:54:04:089,0
6/2/2022,03:55:04:097,0
6/2/2022,03:56:04:097,0
6/2/2022,03:57:04:097,0
6/2/2022,03:58:04:097,0
6/2/2022,03:59:04:097,0
6/2/2022,04:00:04:105,0
6/2/2022,04:01:04:105,0
6/2/2022,04:02:04:105,0
6/2/2022,04:03:04:105,0
6/2/2022,04:04:04:105,0
6/2/2022,04:05:04:114,0
6/2/2022,04:06:04:114,0
6/2/2022,04:07:04:114,0
6/2/2022,04:08:04:114,0
6/2/2022,04:09:04:114,0
6/2/2022,04:10:04:122,0
6/2/2022,04:11:04:122,0
6/2/2022,04:12:04:122,0
6/2/2022,04:13:04:122,0
6/2/2022,04:14:04:122,0
6/2/2022,04:15:04:130,0
6/2/2022,04:16:04:131,0
6/2/2022,04:17:04:131,0
6/2/2022,04:18:04:131,0
6/2/2022,04:19:04:131,0
6/2/2022,04:20:04:139,0
6/2/2022,04:21:04:139,0
6/2/2022,04:22:04:139,0
6/2/2022,04:23:04:139,0
6/2/2022,04:24:04:139,0
6/2/2022,04:25:04:147,0
6/2/2022,04:26:04:147,0
6/2/2022,04:27:04:147,0
6/2/2022,04:28:04:147,0
6/2/2022,04:29:04:147,0
6/2/2022,04:30:04:155,0
6/2/2022,04:31:04:156,0
6/2/2022,04:32:04:156,0
6/2/2022,04:33:04:156,0
6/2/2022,04:34:04:156,0
6/2/2022,04:35:04:164,0
6/2/2022,04:36:04:164,0
6/2/2022,04:37:04:164,0
6/2/2022,04:38:04:164,0
6/2/2022,04:39:04:164,0
6/2/2022,04:40:04:172,0
6/2/2022,04:41:04:172,0
6/2/2022,04:42:04:172,0
6/2/2022,04:43:04:172,0
6/2/2022,04:44:04:172,0
6/2/2022,04:45:04:180,0
6/2/2022,04:46:04:181,0
6/2/2022,04:47:04:181,0
6/2/2022,04:48:04:181,0
6/2/2022,04:49:04:181,0
6/2/2022,04:50:04:189,0
6/2/2022,04:51:04:189,0
6/2/2022,04:52:04:189,0
6/2/2022,04:53:04:189,0
6/2/2022,04:54:04:189,0
6/2/2022,04:55:04:197,0
6/2/2022,04:56:04:198,0
6/2/2022,04:57:04:198,0
6/2/2022,04:58:04:198,0
6/2/2022,04:59:04:198,0
6/2/2022,05:00:04:206,0
6/2/2022,05:01:04:206,0
6/2/2022,05:02:04:206,0
6/2/2022,05:03:04:206,0
6/2/2022,05:04:04:206,0
6/2/2022,05:05:04:214,0
6/2/2022,05:06:04:214,0
6/2/2022,05:07:04:214,0
6/2/2022,05:08:04:214,0
6/2/2022,05:09:04:214,0
6/2/2022,05:10:04:222,0
6/2/2022,05:11:04:222,0
6/2/2022,05:12:04:222,0
6/2/2022,05:13:04:222,0
6/2/2022,05:14:04:222,0
6/2/2022,05:15:04:232,0
6/2/2022,05:16:04:232,0
6/2/2022,05:17:04:232,0
6/2/2022,05:18:04:232,0
6/2/2022,05:19:04:232,0
6/2/2022,05:20:04:240,0
6/2/2022,05:21:04:240,0
6/2/2022,05:22:04:240,0
6/2/2022,05:23:04:240,0
6/2/2022,05:24:04:240,0
6/2/2022,05:25:04:249,0
6/2/2022,05:26:04:248,0
6/2/2022,05:27:04:248,0
6/2/2022,05:28:04:248,0
6/2/2022,05:29:04:248,0
6/2/2022,05:30:04:257,0
6/2/2022,05:31:04:257,0
6/2/2022,05:32:04:257,0
6/2/2022,05:33:04:257,0
6/2/2022,05:34:04:257,0
6/2/2022,05:35:04:266,0
6/2/2022,05:36:04:266,0
6/2/2022,05:37:04:266,0
6/2/2022,05:38:04:266,0
6/2/2022,05:39:04:266,0
6/2/2022,05:40:04:274,0
6/2/2022,05:41:04:274,0
6/2/2022,05:42:04:274,0
6/2/2022,05:43:04:274,0
6/2/2022,05:44:04:274,0
6/2/2022,05:45:04:283,0
6/2/2022,05:46:04:283,0
6/2/2022,05:47:04:283,0
6/2/2022,05:48:04:283,0
6/2/2022,05:49:04:283,0
6/2/2022,05:50:04:291,0
6/2/2022,05:51:04:292,0
6/2/2022,05:52:04:292,0
6/2/2022,05:53:04:292,0
6/2/2022,05:54:04:292,0
6/2/2022,05:55:04:300,0
6/2/2022,05:56:04:300,0
6/2/2022,05:57:04:300,0
6/2/2022,05:58:04:300,0
6/2/2022,05:59:04:300,0
6/2/2022,06:00:04:308,0
6/2/2022,06:01:04:308,0
6/2/2022,06:02:04:308,0
6/2/2022,06:03:04:309,0
6/2/2022,06:04:04:309,0
6/2/2022,06:05:04:316,0
6/2/2022,06:06:04:316,0
6/2/2022,06:07:04:316,0
6/2/2022,06:08:04:316,0
6/2/2022,06:09:04:316,0
6/2/2022,06:10:04:324,0
6/2/2022,06:11:04:324,0
6/2/2022,06:12:04:324,0
6/2/2022,06:13:04:324,0
6/2/2022,06:14:04:324,0
6/2/2022,06:15:04:332,0
6/2/2022,06:16:04:332,0
6/2/2022,06:17:04:332,0
6/2/2022,06:18:04:332,0
6/2/2022,06:19:04:332,0
6/2/2022,06:20:04:341,0
6/2/2022,06:21:04:341,0
6/2/2022,06:22:04:341,0
6/2/2022,06:23:04:341,0
6/2/2022,06:24:04:341,0
6/2/2022,06:25:04:349,0
6/2/2022,06:26:04:349,0
6/2/2022,06:27:04:349,0
6/2/2022,06:28:04:349,0
6/2/2022,06:29:04:349,0
6/2/2022,06:30:04:357,0
6/2/2022,06:31:04:357,0
6/2/2022,06:32:04:357,0
6/2/2022,06:33:04:357,0
6/2/2022,06:34:04:357,0
6/2/2022,06:35:04:365,0
6/2/2022,06:36:04:366,0
6/2/2022,06:37:04:366,0
6/2/2022,06:38:04:367,0
6/2/2022,06:39:04:366,0
6/2/2022,06:40:04:374,0
6/2/2022,06:41:04:374,0
6/2/2022,06:42:04:374,0
6/2/2022,06:43:04:374,0
6/2/2022,06:44:04:374,0
6/2/2022,06:45:04:383,0
6/2/2022,06:46:04:383,0
6/2/2022,06:47:04:383,0
6/2/2022,06:48:04:383,0
6/2/2022,06:49:04:383,0
6/2/2022,06:50:04:391,0
6/2/2022,06:51:04:392,0
6/2/2022,06:52:04:392,0
6/2/2022,06:53:04:392,0
6/2/2022,06:54:04:392,0
6/2/2022,06:55:04:400,0
6/2/2022,06:56:04:401,0
6/2/2022,06:57:04:402,0
6/2/2022,06:58:04:401,0
6/2/2022,06:59:04:401,0
6/2/2022,07:00:04:409,0
6/2/2022,07:01:04:409,0
6/2/2022,07:02:04:409,0
6/2/2022,07:03:04:409,0
6/2/2022,07:04:04:409,0
6/2/2022,07:05:04:418,0
6/2/2022,07:06:04:418,0
6/2/2022,07:07:04:418,0
6/2/2022,07:08:04:418,0
6/2/2022,07:09:04:418,0
6/2/2022,07:10:04:427,0
6/2/2022,07:11:04:427,0
6/2/2022,07:12:04:427,0
6/2/2022,07:13:04:427,0
6/2/2022,07:14:04:427,0
6/2/2022,07:15:04:435,0
6/2/2022,07:16:04:435,0
6/2/2022,07:17:04:435,0
6/2/2022,07:18:04:435,0
6/2/2022,07:19:04:435,0
6/2/2022,07:20:04:444,0
6/2/2022,07:21:04:444,0
6/2/2022,07:22:04:444,0
6/2/2022,07:23:04:444,0
6/2/2022,07:24:04:444,0
6/2/2022,07:25:04:452,0
6/2/2022,07:26:04:452,0
6/2/2022,07:27:04:452,0
6/2/2022,07:28:04:452,0
6/2/2022,07:29:04:452,0
6/2/2022,07:30:04:460,0
6/2/2022,07:31:04:460,0
6/2/2022,07:32:04:460,0
6/2/2022,07:33:04:460,0
6/2/2022,07:34:04:460,0
6/2/2022,07:35:04:469,0
6/2/2022,07:36:04:469,0
6/2/2022,07:37:04:469,0
6/2/2022,07:38:04:469,0
6/2/2022,07:39:04:469,0
6/2/2022,07:40:04:477,0
6/2/2022,07:41:04:477,0
6/2/2022,07:42:04:477,0
6/2/2022,07:43:04:477,0
6/2/2022,07:44:04:477,0
6/2/2022,07:45:04:486,0
6/2/2022,07:46:04:486,0
6/2/2022,07:47:04:486,0
6/2/2022,07:48:04:486,0
6/2/2022,07:49:04:486,0
6/2/2022,07:50:04:494,0
6/2/2022,07:51:04:494,0
6/2/2022,07:52:04:494,0
6/2/2022,07:53:04:494,0
6/2/2022,07:54:04:494,0
6/2/2022,07:55:04:503,0
6/2/2022,07:56:04:504,0
6/2/2022,07:57:04:503,0
6/2/2022,07:58:04:503,0
6/2/2022,07:59:04:503,0
6/2/2022,08:00:04:512,0
6/2/2022,08:01:04:512,0
6/2/2022,08:02:04:512,0
6/2/2022,08:03:04:512,0
6/2/2022,08:04:04:512,0
6/2/2022,08:05:04:520,0
6/2/2022,08:06:04:520,0
6/2/2022,08:07:04:520,0
6/2/2022,08:08:04:520,0
6/2/2022,08:09:04:520,0
6/2/2022,08:10:04:528,0
6/2/2022,08:11:04:529,0
6/2/2022,08:12:04:529,0
6/2/2022,08:13:04:529,0
6/2/2022,08:14:04:529,0
6/2/2022,08:15:04:537,0
6/2/2022,08:16:04:537,0
6/2/2022,08:17:04:538,0
6/2/2022,08:18:04:537,0
6/2/2022,08:19:04:537,0
6/2/2022,08:20:04:546,0
6/2/2022,08:21:04:546,0
6/2/2022,08:22:04:546,0
6/2/2022,08:23:04:546,0
6/2/2022,08:24:04:546,0
6/2/2022,08:25:04:555,0
6/2/2022,08:26:04:555,0
6/2/2022,08:27:04:555,0
6/2/2022,08:28:04:555,0
6/2/2022,08:29:04:555,0
6/2/2022,08:30:04:563,0
6/2/2022,08:31:04:563,0
6/2/2022,08:32:04:563,0
6/2/2022,08:33:04:563,0
6/2/2022,08:34:04:563,0
6/2/2022,08:35:04:572,0
6/2/2022,08:36:04:572,0
6/2/2022,08:37:04:572,0
6/2/2022,08:38:04:572,0
6/2/2022,08:39:04:572,0
6/2/2022,08:40:04:580,0
6/2/2022,08:41:04:580,0
6/2/2022,08:42:04:580,0
6/2/2022,08:43:04:580,0
6/2/2022,08:44:04:580,0
6/2/2022,08:45:04:588,0
6/2/2022,08:46:04:588,0
6/2/2022,08:47:04:589,0
6/2/2022,08:48:04:588,0
6/2/2022,08:49:04:588,0
6/2/2022,08:50:04:597,0
6/2/2022,08:51:04:597,0
6/2/2022,08:52:04:597,0
6/2/2022,08:53:04:597,0
6/2/2022,08:54:04:597,0
6/2/2022,08:55:04:605,0
6/2/2022,08:56:04:605,0
6/2/2022,08:57:04:605,0
6/2/2022,08:58:04:605,0
6/2/2022,08:59:04:605,0
6/2/2022,09:00:04:613,0
6/2/2022,09:01:04:613,0
6/2/2022,09:02:04:613,0
6/2/2022,09:03:04:613,0
6/2/2022,09:04:04:613,0
6/2/2022,09:05:04:622,0
6/2/2022,09:06:04:622,0
6/2/2022,09:07:04:622,0
6/2/2022,09:08:04:622,0
6/2/2022,09:09:04:622,0
6/2/2022,09:10:04:631,0
6/2/2022,09:11:04:631,0
6/2/2022,09:12:04:631,0
6/2/2022,09:13:04:631,0
6/2/2022,09:14:04:632,0
6/2/2022,09:15:04:639,0
6/2/2022,09:16:04:639,0
6/2/2022,09:17:04:639,0
6/2/2022,09:18:04:639,0
6/2/2022,09:19:04:639,0
6/2/2022,09:20:04:647,0
6/2/2022,09:21:04:647,0
6/2/2022,09:22:04:647,0
6/2/2022,09:23:04:647,0
6/2/2022,09:24:04:647,0
6/2/2022,09:25:04:655,0
6/2/2022,09:26:04:655,0
6/2/2022,09:27:04:655,0
6/2/2022,09:28:04:655,0
6/2/2022,09:29:04:655,0
6/2/2022,09:30:04:663,0
6/2/2022,09:31:04:664,0
6/2/2022,09:32:04:664,0
6/2/2022,09:33:04:664,0
6/2/2022,09:34:04:664,0
6/2/2022,09:35:04:672,0
6/2/2022,09:36:04:672,0
6/2/2022,09:37:04:672,0
6/2/2022,09:38:04:672,0
6/2/2022,09:39:04:672,0
6/2/2022,09:40:04:681,0
6/2/2022,09:41:04:681,0
6/2/2022,09:42:04:681,0
6/2/2022,09:43:04:681,0
6/2/2022,09:44:04:681,0
6/2/2022,09:45:04:689,0
6/2/2022,09:46:04:690,0
6/2/2022,09:47:04:690,0
6/2/2022,09:48:04:690,0
6/2/2022,09:49:04:690,0
6/2/2022,09:50:04:698,0
6/2/2022,09:51:04:699,0
6/2/2022,09:52:04:699,0
6/2/2022,09:53:04:699,0
6/2/2022,09:54:04:699,0
6/2/2022,09:55:04:707,0
6/2/2022,09:56:04:708,0
6/2/2022,09:57:04:708,0
6/2/2022,09:58:04:708,0
6/2/2022,09:59:04:708,0
6/2/2022,10:00:04:716,0
6/2/2022,10:01:04:717,0
6/2/2022,10:02:04:717,0
6/2/2022,10:03:04:717,0
6/2/2022,10:04:04:717,0
6/2/2022,10:05:04:725,0
6/2/2022,10:06:04:726,0
6/2/2022,10:07:04:726,0
6/2/2022,10:08:04:726,0
6/2/2022,10:09:04:726,0
6/2/2022,10:10:04:735,0
6/2/2022,10:11:04:735,0
6/2/2022,10:12:04:735,0
6/2/2022,10:13:04:735,0
6/2/2022,10:14:04:735,0
6/2/2022,10:15:04:743,0
6/2/2022,10:16:04:743,0
6/2/2022,10:17:04:744,0
6/2/2022,10:18:04:743,0
6/2/2022,10:19:04:743,0
6/2/2022,10:20:04:751,0
6/2/2022,10:21:04:751,0
6/2/2022,10:22:04:751,0
6/2/2022,10:23:04:751,0
6/2/2022,10:24:04:751,0
6/2/2022,10:25:04:758,0
6/2/2022,10:26:04:759,0
6/2/2022,10:27:04:759,0
6/2/2022,10:28:04:759,0
6/2/2022,10:29:04:759,0
6/2/2022,10:30:04:768,0
6/2/2022,10:31:04:768,0
6/2/2022,10:32:04:768,0
6/2/2022,10:33:04:768,0
6/2/2022,10:34:04:768,0
6/2/2022,10:35:04:776,0
6/2/2022,10:36:04:776,0
6/2/2022,10:37:04:776,0
6/2/2022,10:38:04:776,0
6/2/2022,10:39:04:776,0
6/2/2022,10:40:04:784,0
6/2/2022,10:41:04:784,0
6/2/2022,10:42:04:784,0
6/2/2022,10:43:04:784,0
6/2/2022,10:44:04:784,0
6/2/2022,10:45:04:792,0
6/2/2022,10:46:04:792,0
6/2/2022,10:47:04:792,0
6/2/2022,10:48:04:792,0
6/2/2022,10:49:04:792,0
6/2/2022,10:50:04:800,0
6/2/2022,10:51:04:800,0
6/2/2022,10:52:04:800,0
6/2/2022,10:53:04:800,0
6/2/2022,10:54:04:800,0
6/2/2022,10:55:04:808,0
6/2/2022,10:56:04:808,0
6/2/2022,10:57:04:808,0
6/2/2022,10:58:04:808,0
6/2/2022,10:59:04:808,0
6/2/2022,11:00:04:816,0
6/2/2022,11:01:04:817,0
6/2/2022,11:02:04:816,0
6/2/2022,11:03:04:816,0
6/2/2022,11:04:04:816,0
6/2/2022,11:05:04:825,0
6/2/2022,11:06:04:825,0
6/2/2022,11:07:04:825,0
6/2/2022,11:08:04:825,0
6/2/2022,11:09:04:825,0
6/2/2022,11:10:04:833,0
6/2/2022,11:11:04:833,0
6/2/2022,11:12:04:833,0
6/2/2022,11:13:04:833,0
6/2/2022,11:14:04:833,0
6/2/2022,11:15:04:841,0
6/2/2022,11:16:04:841,0
6/2/2022,11:17:04:841,0
6/2/2022,11:18:04:841,0
6/2/2022,11:19:04:841,0
6/2/2022,11:20:04:850,0
6/2/2022,11:21:04:851,0
6/2/2022,11:22:04:850,0
6/2/2022,11:23:04:850,0
6/2/2022,11:24:04:850,0
6/2/2022,11:25:04:858,0
6/2/2022,11:26:04:858,0
6/2/2022,11:27:04:858,0
6/2/2022,11:28:04:858,0
6/2/2022,11:29:04:858,0
6/2/2022,11:30:04:866,0
6/2/2022,11:31:04:866,0
6/2/2022,11:32:04:866,0
6/2/2022,11:33:04:866,0
6/2/2022,11:34:04:866,0
6/2/2022,11:35:04:875,0
6/2/2022,11:36:04:875,0
6/2/2022,11:37:04:875,0
6/2/2022,11:38:04:875,0
6/2/2022,11:39:04:875,0
6/2/2022,11:40:04:883,0
6/2/2022,11:41:04:883,0
6/2/2022,11:42:04:883,0
6/2/2022,11:43:04:883,0
6/2/2022,11:44:04:883,0
6/2/2022,11:45:04:892,0
6/2/2022,11:46:04:892,0
6/2/2022,11:47:04:892,0
6/2/2022,11:48:04:892,0
6/2/2022,11:49:04:892,0
6/2/2022,11:50:04:900,0
6/2/2022,11:51:04:900,0
6/2/2022,11:52:04:900,0
6/2/2022,11:53:04:900,0
6/2/2022,11:54:04:900,0
6/2/2022,11:55:04:908,0
6/2/2022,11:56:04:908,0
6/2/2022,11:57:04:908,0
6/2/2022,11:58:04:908,0
6/2/2022,11:59:04:908,0
6/2/2022,12:00:04:916,0
6/2/2022,12:01:04:916,0
6/2/2022,12:02:04:916,0
6/2/2022,12:03:04:916,0
6/2/2022,12:04:04:916,0
6/2/2022,12:05:04:924,0
6/2/2022,12:06:04:924,0
6/2/2022,12:07:04:924,0
6/2/2022,12:08:04:924,0
6/2/2022,12:09:04:924,0
6/2/2022,12:10:04:932,0
6/2/2022,12:11:01:914,0
6/2/2022,12:12:01:914,0
6/2/2022,12:13:01:914,0
6/2/2022,12:14:01:914,0
6/2/2022,12:15:01:923,0
6/2/2022,12:16:01:924,0
6/2/2022,12:17:01:924,0
6/2/2022,12:18:01:924,0
6/2/2022,12:19:01:924,0
6/2/2022,12:20:01:933,0
6/2/2022,12:21:01:933,0
6/2/2022,12:22:01:933,0
6/2/2022,12:23:01:933,0
6/2/2022,12:24:01:933,0
6/2/2022,12:25:01:941,0
6/2/2022,12:26:01:941,0
6/2/2022,12:27:01:941,0
6/2/2022,12:28:01:941,0
6/2/2022,12:29:01:941,0
6/2/2022,12:30:01:949,0
6/2/2022,12:31:01:949,0
6/2/2022,12:32:01:949,0
6/2/2022,12:33:01:949,0
6/2/2022,12:34:01:949,0
6/2/2022,12:35:01:957,0
6/2/2022,12:36:01:957,0
6/2/2022,12:37:01:957,0
6/2/2022,12:38:01:957,0
6/2/2022,12:39:01:957,0
6/2/2022,12:40:01:965,0
6/2/2022,12:41:01:965,0
6/2/2022,12:42:01:965,0
6/2/2022,12:43:01:965,0
6/2/2022,12:44:01:965,0
6/2/2022,12:45:01:973,0
6/2/2022,12:46:01:973,0
6/2/2022,12:47:01:973,0
6/2/2022,12:48:01:973,0
6/2/2022,12:49:01:973,0
6/2/2022,12:50:01:981,0
6/2/2022,12:51:01:981,0
6/2/2022,12:52:01:981,0
6/2/2022,12:53:01:981,0
6/2/2022,12:54:01:981,0
6/2/2022,12:55:01:989,0
6/2/2022,12:56:01:989,0
6/2/2022,13:05:02:005,0
6/2/2022,13:06:02:005,0
6/2/2022,13:07:02:005,0
6/2/2022,13:08:02:005,0
6/2/2022,13:09:02:005,0
6/2/2022,13:10:02:014,0
6/2/2022,13:11:02:014,0
6/2/2022,13:12:02:014,0
6/2/2022,13:13:02:014,0
6/2/2022,13:14:02:014,0
6/2/2022,13:15:02:023,0
6/2/2022,13:16:02:023,0
6/2/2022,13:17:02:023,0
6/2/2022,13:18:02:023,0
6/2/2022,13:19:02:023,0
6/2/2022,13:20:02:032,0
6/2/2022,13:21:02:032,0
6/2/2022,13:22:02:032,0
6/2/2022,13:23:02:032,0
6/2/2022,13:24:02:032,0
6/2/2022,13:25:02:040,0
6/2/2022,13:26:02:040,0
6/2/2022,13:27:02:040,0
6/2/2022,13:28:02:040,0
6/2/2022,13:29:02:040,0
6/2/2022,13:30:02:049,0
6/2/2022,13:31:02:049,0
6/2/2022,13:32:02:049,0
6/2/2022,13:33:02:049,0
6/2/2022,13:34:02:049,0
6/2/2022,13:35:02:057,0
6/2/2022,13:36:02:057,0
6/2/2022,13:37:02:057,0
6/2/2022,13:38:02:057,0
6/2/2022,13:39:02:057,0
6/2/2022,13:40:02:066,0
6/2/2022,13:41:02:066,0
6/2/2022,13:42:02:066,0
6/2/2022,13:43:02:066,0
6/2/2022,13:44:02:066,0
6/2/2022,13:45:02:074,0
6/2/2022,13:46:02:075,0
6/2/2022,13:47:02:075,0
6/2/2022,13:48:02:075,0
6/2/2022,13:56:02:093,0
6/2/2022,13:57:02:093,0
6/2/2022,13:58:02:093,0
6/2/2022,13:59:02:093,0
6/2/2022,14:00:02:101,0
6/2/2022,14:01:02:102,0
6/2/2022,14:02:02:102,0
6/2/2022,14:03:02:102,0
6/2/2022,14:04:02:102,0
6/2/2022,14:05:02:110,0
6/2/2022,14:06:02:110,0
6/2/2022,14:07:02:110,0
6/2/2022,14:08:02:110,0
6/2/2022,14:09:02:110,0
6/2/2022,14:10:02:118,0
6/2/2022,14:11:02:118,0
6/2/2022,14:12:02:118,0
6/2/2022,14:13:02:118,0
6/2/2022,14:14:02:118,0
6/2/2022,14:15:02:126,0
6/2/2022,14:16:02:127,0
6/2/2022,14:17:02:127,0
6/2/2022,14:18:02:127,0
6/2/2022,14:19:02:127,0
6/2/2022,14:20:02:135,0
6/2/2022,14:21:02:135,0
6/2/2022,14:22:02:135,0
6/2/2022,14:23:02:135,0
6/2/2022,14:24:02:135,0
6/2/2022,14:25:02:144,0
6/2/2022,14:26:02:144,0
6/2/2022,14:27:02:144,0
6/2/2022,14:28:02:144,0
6/2/2022,14:29:02:144,0
6/2/2022,14:30:02:152,0
6/2/2022,14:31:02:152,0
6/2/2022,14:32:02:152,0
6/2/2022,14:33:02:152,0
6/2/2022,14:34:02:152,0
6/2/2022,14:35:02:160,0
6/2/2022,14:36:02:160,0
6/2/2022,14:37:02:161,0
6/2/2022,14:38:02:161,0
6/2/2022,14:39:02:161,0
6/2/2022,14:40:02:168,0
6/2/2022,14:41:02:168,0
6/2/2022,14:42:02:168,0
6/2/2022,14:43:02:168,0
6/2/2022,14:44:02:168,0
6/2/2022,14:45:02:176,0
6/2/2022,14:46:02:176,0
6/2/2022,14:47:02:176,0
6/2/2022,14:48:02:176,0
6/2/2022,14:49:02:176,0
6/2/2022,14:50:02:184,0
6/2/2022,14:51:02:185,0
6/2/2022,14:52:02:184,0
6/2/2022,14:53:02:184,0
6/2/2022,14:54:02:184,0
6/2/2022,14:55:02:192,0
6/2/2022,14:56:02:192,0
6/2/2022,14:57:02:192,0
6/2/2022,14:58:02:192,0
6/2/2022,14:59:02:192,0
6/2/2022,15:00:02:200,0
6/2/2022,15:01:02:200,0
6/2/2022,15:02:02:200,0
6/2/2022,15:03:02:200,0
6/2/2022,15:04:02:200,0
6/2/2022,15:05:02:208,0
6/2/2022,15:06:02:208,0
6/2/2022,15:07:02:208,0
6/2/2022,15:08:02:208,0
6/2/2022,15:09:02:208,0
6/2/2022,15:10:02:216,0
6/2/2022,15:11:02:216,0
6/2/2022,15:12:02:216,0
6/2/2022,15:13:02:216,0
6/2/2022,15:14:02:216,0
6/2/2022,15:15:02:224,0
6/2/2022,15:16:02:224,0
6/2/2022,15:17:02:224,0
6/2/2022,15:18:02:224,0
6/2/2022,15:19:02:224,0
6/2/2022,15:20:02:232,0
6/2/2022,15:21:02:232,0
6/2/2022,15:22:02:232,0
6/2/2022,15:23:02:232,0
6/2/2022,15:24:02:232,0
6/2/2022,15:25:02:240,0
6/2/2022,15:26:02:241,0
6/2/2022,15:27:02:241,0
6/2/2022,15:28:02:241,0
6/2/2022,15:29:02:241,0
6/2/2022,15:30:02:249,0
6/2/2022,15:31:02:249,0
6/2/2022,15:32:02:249,0
6/2/2022,15:33:02:249,0
6/2/2022,15:34:02:249,0
6/2/2022,15:35:02:257,0
6/2/2022,15:36:02:257,0
6/2/2022,15:37:02:257,0
6/2/2022,15:38:02:257,0
6/2/2022,15:39:02:257,0
6/2/2022,15:40:02:265,0
6/2/2022,15:41:02:265,0
6/2/2022,15:42:02:265,0
6/2/2022,15:43:02:265,0
6/2/2022,15:44:02:265,0
6/2/2022,15:45:02:273,0
6/2/2022,15:46:02:273,0
6/2/2022,15:47:02:273,0
6/2/2022,15:48:02:273,0
6/2/2022,15:49:02:273,0
6/2/2022,15:50:02:281,0
6/2/2022,15:51:02:281,0
6/2/2022,15:52:02:281,0
6/2/2022,15:53:02:281,0
6/2/2022,15:54:02:281,0
6/2/2022,15:55:02:289,0
6/2/2022,15:56:02:289,0
6/2/2022,15:57:02:289,0
6/2/2022,15:58:02:289,0
6/2/2022,15:59:02:289,0
6/2/2022,16:00:02:297,0
6/2/2022,16:01:02:297,0
6/2/2022,16:02:02:297,0
6/2/2022,16:03:02:297,0
6/2/2022,16:04:02:297,0
6/2/2022,16:05:02:305,0
6/2/2022,16:06:02:305,0
6/2/2022,16:07:02:305,0
6/2/2022,16:08:02:305,0
6/2/2022,16:09:02:305,0
6/2/2022,16:10:02:313,0
6/2/2022,16:11:02:313,0
6/2/2022,16:12:02:313,0
6/2/2022,16:13:02:313,0
6/2/2022,16:14:02:313,0
6/2/2022,16:15:02:322,0
6/2/2022,16:16:02:322,0
6/2/2022,16:17:02:322,0
6/2/2022,16:18:02:323,0
6/2/2022,16:19:02:323,0
6/2/2022,16:20:02:331,0
6/2/2022,16:21:02:331,0
6/2/2022,16:22:02:331,0
6/2/2022,16:23:02:331,0
6/2/2022,16:24:02:331,0
6/2/2022,16:25:02:339,0
6/2/2022,16:26:02:339,0
6/2/2022,16:27:02:339,0
6/2/2022,16:28:02:339,0
6/2/2022,16:29:02:339,0
6/2/2022,16:30:02:347,0
6/2/2022,16:31:02:347,0
6/2/2022,16:32:02:347,0
6/2/2022,16:33:02:347,0
6/2/2022,16:34:02:347,0
6/2/2022,16:35:02:355,0
6/2/2022,16:36:02:355,0
6/2/2022,16:37:02:355,0
6/2/2022,16:38:02:355,0
6/2/2022,16:39:02:355,0
6/2/2022,16:40:02:364,0
6/2/2022,16:41:02:364,0
6/2/2022,16:42:02:364,0
6/2/2022,16:43:02:364,0
6/2/2022,16:44:02:364,0
6/2/2022,16:45:02:372,0
6/2/2022,16:46:02:372,0
6/2/2022,16:47:02:372,0
6/2/2022,16:48:02:372,0
6/2/2022,16:49:02:372,0
6/2/2022,16:50:02:380,0
6/2/2022,16:51:02:380,0
6/2/2022,16:52:02:380,0
6/2/2022,16:53:02:380,0
6/2/2022,16:54:02:380,0
6/2/2022,16:55:02:388,0
6/2/2022,16:56:02:388,0
6/2/2022,16:57:02:388,0
6/2/2022,16:58:02:388,0
6/2/2022,16:59:02:388,0
6/2/2022,17:00:02:397,0
6/2/2022,17:01:02:397,0
6/2/2022,17:02:02:397,0
6/2/2022,17:03:02:397,0
6/2/2022,17:04:02:397,0
6/2/2022,17:05:02:405,0
6/2/2022,17:06:02:405,0
6/2/2022,17:07:02:405,0
6/2/2022,17:08:02:405,0
6/2/2022,17:09:02:405,0
6/2/2022,17:10:02:413,0
6/2/2022,17:11:02:414,0
6/2/2022,17:12:02:414,0
6/2/2022,17:13:02:414,0
6/2/2022,17:14:02:414,0
6/2/2022,17:15:02:422,0
6/2/2022,17:16:02:423,0
6/2/2022,17:17:02:423,0
6/2/2022,17:18:02:423,0
6/2/2022,17:19:02:423,0
6/2/2022,17:20:02:432,0
6/2/2022,17:21:02:432,0
6/2/2022,17:22:02:432,0
6/2/2022,17:23:02:432,0
6/2/2022,17:24:02:432,0
6/2/2022,17:25:02:441,0
6/2/2022,17:26:02:441,0
6/2/2022,17:27:02:441,0
6/2/2022,17:28:02:441,0
6/2/2022,17:29:02:441,0
6/2/2022,17:30:02:449,0
6/2/2022,17:31:02:449,0
6/2/2022,17:32:02:449,0
6/2/2022,17:33:02:449,0
6/2/2022,17:34:02:450,0
6/2/2022,17:35:02:457,0
6/2/2022,17:36:02:457,0
6/2/2022,17:37:02:457,0
6/2/2022,17:38:02:457,0
6/2/2022,17:39:02:457,0
6/2/2022,17:40:02:465,0
6/2/2022,17:41:02:465,0
6/2/2022,17:42:02:465,0
6/2/2022,17:43:02:465,0
6/2/2022,17:44:02:465,0
6/2/2022,17:45:02:473,0
6/2/2022,17:46:02:473,0
6/2/2022,17:47:02:473,0
6/2/2022,17:48:02:473,0
6/2/2022,17:49:02:473,0
6/2/2022,17:50:02:481,0
6/2/2022,17:51:02:481,0
6/2/2022,17:52:02:481,0
6/2/2022,17:53:02:481,0
6/2/2022,17:54:02:481,0
6/2/2022,17:55:02:489,0
6/2/2022,17:56:02:490,0
6/2/2022,17:57:02:490,0
6/2/2022,17:58:02:490,0
6/2/2022,17:59:02:490,0
6/2/2022,18:00:02:498,0
6/2/2022,18:01:02:499,0
6/2/2022,18:02:02:499,0
6/2/2022,18:03:02:499,0
6/2/2022,18:04:02:499,0
6/2/2022,18:05:02:507,0
6/2/2022,18:06:02:507,0
6/2/2022,18:07:02:507,0
6/2/2022,18:08:02:507,0
6/2/2022,18:09:02:507,0
6/2/2022,18:10:02:515,0
6/2/2022,18:11:02:515,0
6/2/2022,18:12:02:515,0
6/2/2022,18:13:02:515,0
6/2/2022,18:14:02:515,0
6/2/2022,18:15:02:524,0
6/2/2022,18:16:02:524,0
6/2/2022,18:17:02:524,0
6/2/2022,18:18:02:524,0
6/2/2022,18:19:02:524,0
6/2/2022,18:20:02:533,0
6/2/2022,18:21:02:534,0
6/2/2022,18:22:02:535,0
6/2/2022,18:23:02:535,0
6/2/2022,18:24:02:534,0
6/2/2022,18:25:02:543,0
6/2/2022,18:26:02:543,0
6/2/2022,18:27:02:543,0
6/2/2022,18:28:02:543,0
6/2/2022,18:29:02:543,0
6/2/2022,18:30:02:550,0
6/2/2022,18:31:02:550,0
6/2/2022,18:32:02:550,0
6/2/2022,18:33:02:550,0
6/2/2022,18:34:02:550,0
6/2/2022,18:35:02:558,0
6/2/2022,18:36:02:558,0
6/2/2022,18:37:02:558,0
6/2/2022,18:38:02:558,0
6/2/2022,18:39:02:558,0
6/2/2022,18:40:02:567,0
6/2/2022,18:41:02:567,0
6/2/2022,18:42:02:567,0
6/2/2022,18:43:02:567,0
6/2/2022,18:44:02:567,0
6/2/2022,18:45:02:575,0
6/2/2022,18:46:02:576,0
6/2/2022,18:47:02:576,0
6/2/2022,18:48:02:576,0
6/2/2022,18:49:02:576,0
6/2/2022,18:50:02:585,0
6/2/2022,18:51:02:585,0
6/2/2022,18:52:02:585,0
6/2/2022,18:53:02:585,0
6/2/2022,18:54:02:585,0
6/2/2022,18:55:02:594,0
6/2/2022,18:56:02:594,0
6/2/2022,18:57:02:594,0
6/2/2022,18:58:02:594,0
6/2/2022,18:59:02:594,0
6/2/2022,19:00:02:602,0
6/2/2022,19:01:02:603,0
6/2/2022,19:02:02:603,0
6/2/2022,19:03:02:603,0
6/2/2022,19:04:02:603,0
6/2/2022,19:05:02:611,0
6/2/2022,19:06:02:611,0
6/2/2022,19:07:02:611,0
6/2/2022,19:08:02:611,0
6/2/2022,19:09:02:611,0
6/2/2022,19:10:02:619,0
6/2/2022,19:11:02:620,0
6/2/2022,19:12:02:621,0
6/2/2022,19:13:02:620,0
6/2/2022,19:14:02:620,0
6/2/2022,19:15:02:628,0
6/2/2022,19:16:02:628,0
6/2/2022,19:17:02:628,0
6/2/2022,19:18:02:628,0
6/2/2022,19:19:02:628,0
6/2/2022,19:20:02:637,0
6/2/2022,19:21:02:637,0
6/2/2022,19:22:02:637,0
6/2/2022,19:23:02:637,0
6/2/2022,19:24:02:637,0
6/2/2022,19:25:02:645,0
6/2/2022,19:26:02:646,0
6/2/2022,19:27:02:646,0
6/2/2022,19:28:02:646,0
6/2/2022,19:29:02:646,0
6/2/2022,19:30:02:654,0
6/2/2022,19:31:02:654,0
6/2/2022,19:32:02:654,0
6/2/2022,19:33:02:654,0
6/2/2022,19:34:02:654,0
6/2/2022,19:35:02:662,0
6/2/2022,19:36:02:662,0
6/2/2022,19:37:02:662,0
6/2/2022,19:38:02:662,0
6/2/2022,19:39:02:662,0
6/2/2022,19:40:02:670,0
6/2/2022,19:41:02:670,0
6/2/2022,19:42:02:670,0
6/2/2022,19:43:02:670,0
6/2/2022,19:44:02:670,0
6/2/2022,19:45:02:678,0
6/2/2022,19:46:02:678,0
6/2/2022,19:47:02:678,0
6/2/2022,19:48:02:678,0
6/2/2022,19:49:02:678,0
6/2/2022,19:50:02:686,0
6/2/2022,19:51:02:686,0
6/2/2022,19:52:02:686,0
6/2/2022,19:53:02:687,0
6/2/2022,19:54:02:686,0
6/2/2022,19:55:02:693,0
6/2/2022,19:56:02:693,0
6/2/2022,19:57:02:693,0
6/2/2022,19:58:02:693,0
6/2/2022,19:59:02:693,0
6/2/2022,20:00:02:702,0
6/2/2022,20:01:02:702,0
6/2/2022,20:02:02:702,0
6/2/2022,20:03:02:702,0
6/2/2022,20:04:02:702,0
6/2/2022,20:05:02:710,0
6/2/2022,20:06:02:710,0
6/2/2022,20:07:02:710,0
6/2/2022,20:08:02:710,0
6/2/2022,20:09:02:710,0
6/2/2022,20:10:02:719,0
6/2/2022,20:11:02:719,0
6/2/2022,20:12:02:719,0
6/2/2022,20:13:02:719,0
6/2/2022,20:14:02:719,0
6/2/2022,20:15:02:728,0
6/2/2022,20:16:02:728,0
6/2/2022,20:17:02:728,0
6/2/2022,20:18:02:728,0
6/2/2022,20:19:02:728,0
6/2/2022,20:20:02:736,0
6/2/2022,20:21:02:736,0
6/2/2022,20:22:02:736,0
6/2/2022,20:23:02:736,0
6/2/2022,20:24:02:736,0
6/2/2022,20:25:02:744,0
6/2/2022,20:26:02:744,0
6/2/2022,20:27:02:744,0
6/2/2022,20:28:02:744,0
6/2/2022,20:29:02:744,0
6/2/2022,20:30:02:752,0
6/2/2022,20:31:02:752,0
6/2/2022,20:32:02:752,0
6/2/2022,20:33:02:753,0
6/2/2022,20:34:02:752,0
6/2/2022,20:35:02:761,0
6/2/2022,20:36:02:761,0
6/2/2022,20:37:02:761,0
6/2/2022,20:38:02:761,0
6/2/2022,20:39:02:761,0
6/2/2022,20:40:02:770,0
6/2/2022,20:41:02:770,0
6/2/2022,20:42:02:770,0
6/2/2022,20:43:02:770,0
6/2/2022,20:44:02:770,0
6/2/2022,20:45:02:779,0
6/2/2022,20:46:02:779,0
6/2/2022,20:47:02:779,0
6/2/2022,20:48:02:779,0
6/2/2022,20:49:02:779,0
6/2/2022,20:50:02:787,0
6/2/2022,20:51:02:787,0
6/2/2022,20:52:02:787,0
6/2/2022,20:53:02:787,0
6/2/2022,20:54:02:787,0
6/2/2022,20:55:02:796,0
6/2/2022,20:56:02:796,0
6/2/2022,20:57:02:796,0
6/2/2022,20:58:02:796,0
6/2/2022,20:59:02:796,0
6/2/2022,21:00:02:804,0
6/2/2022,21:01:02:804,0
6/2/2022,21:02:02:804,0
6/2/2022,21:03:02:804,0
6/2/2022,21:04:02:804,0
6/2/2022,21:05:02:812,0
6/2/2022,21:06:02:812,0
6/2/2022,21:07:02:812,0
6/2/2022,21:08:02:812,0
6/2/2022,21:09:02:813,0
6/2/2022,21:10:02:820,0
6/2/2022,21:10:48:479,107.4838333
6/2/2022,21:10:48:529,956.2860718
6/2/2022,21:10:48:579,1424.434082
6/2/2022,21:10:48:629,1528.355713
6/2/2022,21:10:48:679,1542.029907
6/2/2022,21:10:48:729,1542.064697
6/2/2022,21:10:48:779,1541.012451
6/2/2022,21:10:48:829,1539.701538
6/2/2022,21:10:48:879,1538.598267
6/2/2022,21:10:48:929,1537.223877
6/2/2022,21:10:48:979,1536.441528
6/2/2022,21:10:49:029,1534.977661
6/2/2022,21:10:49:079,1533.916626
6/2/2022,21:10:49:129,1533.458984
6/2/2022,21:10:49:179,1532.431641
6/2/2022,21:10:49:229,1532.09082
6/2/2022,21:10:49:279,1531.819702
6/2/2022,21:10:49:329,1530.945313
6/2/2022,21:10:49:379,1530.1604
6/2/2022,21:10:49:429,1529.155518
6/2/2022,21:10:49:479,1528.118164
6/2/2022,21:10:49:529,1527.298462
6/2/2022,21:10:49:579,1527.689087
6/2/2022,21:10:49:629,1528.039795
6/2/2022,21:10:49:679,1527.513672
6/2/2022,21:10:49:729,1527.01001
6/2/2022,21:10:49:779,1526.644287
6/2/2022,21:10:49:829,1526.710205
6/2/2022,21:10:49:879,1526.42041
6/2/2022,21:10:49:929,1525.762451
6/2/2022,21:10:49:979,1524.861938
6/2/2022,21:10:50:029,1523.471436
6/2/2022,21:10:50:079,1522.481323
6/2/2022,21:10:50:129,1522.381836
6/2/2022,21:10:50:179,1522.44397
6/2/2022,21:10:50:229,1522.384277
6/2/2022,21:10:50:279,1521.727661
6/2/2022,21:10:50:329,1520.814697
6/2/2022,21:10:50:379,1520.185303
6/2/2022,21:10:50:429,1519.930298
6/2/2022,21:10:50:479,1519.557251
6/2/2022,21:10:50:529,1519.491333
6/2/2022,21:10:50:579,1518.789795
6/2/2022,21:10:50:629,1518.891846
6/2/2022,21:10:50:679,1518.919189
6/2/2022,21:10:50:729,1519.355713
6/2/2022,21:10:50:779,1519.92041
6/2/2022,21:10:50:829,1519.957764
6/2/2022,21:10:50:879,1519.59082
6/2/2022,21:10:50:929,1518.621948
6/2/2022,21:10:50:979,1517.838257
6/2/2022,21:10:51:029,1516.929077
6/2/2022,21:10:51:079,1516.448975
6/2/2022,21:10:51:129,1516.537354
6/2/2022,21:10:51:179,1516.383057
6/2/2022,21:10:51:229,1516.494995
6/2/2022,21:10:51:279,1516.859497
6/2/2022,21:10:51:329,1515.731323
6/2/2022,21:10:51:379,1514.552246
6/2/2022,21:10:51:429,1513.764893
6/2/2022,21:10:51:479,1513.075928
6/2/2022,21:11:51:479,1462.143066
6/2/2022,21:12:51:479,1435.021118
6/2/2022,21:13:51:479,1396.650513
6/2/2022,21:14:51:479,1395.721436
6/2/2022,21:15:51:479,1385.13562
6/2/2022,21:16:51:479,1365.262451
6/2/2022,21:17:27:864,1019.565918
6/2/2022,21:17:27:914,421.0012512
6/2/2022,21:17:27:964,58.36069489
6/2/2022,21:17:28:014,12.26616955
6/2/2022,21:17:28:064,1.01616919
6/2/2022,21:17:28:114,0.232587069
6/2/2022,21:17:28:164,0
6/2/2022,21:17:28:214,0
6/2/2022,21:17:28:264,0
6/2/2022,21:17:28:314,0
6/2/2022,21:17:28:364,0
6/2/2022,21:17:28:414,0
6/2/2022,21:17:28:464,0
6/2/2022,21:17:28:514,0
6/2/2022,21:17:28:564,0
6/2/2022,21:17:28:614,0
6/2/2022,21:17:28:664,-0.12313433
6/2/2022,21:17:28:714,0
6/2/2022,21:17:28:764,0
6/2/2022,21:17:28:814,0
6/2/2022,21:17:28:864,0
6/2/2022,21:17:28:914,0
6/2/2022,21:17:28:964,0
6/2/2022,21:17:29:014,0
6/2/2022,21:17:29:064,0
6/2/2022,21:17:29:114,0
6/2/2022,21:17:29:164,0
6/2/2022,21:17:29:214,0
6/2/2022,21:17:29:264,0
6/2/2022,21:17:29:314,0
6/2/2022,21:17:29:364,0
6/2/2022,21:17:29:414,0
6/2/2022,21:17:29:464,0
6/2/2022,21:17:29:514,0
6/2/2022,21:17:29:564,0
6/2/2022,21:17:29:614,0
6/2/2022,21:17:29:664,0
6/2/2022,21:17:29:714,0
6/2/2022,21:17:29:764,0
6/2/2022,21:17:29:814,0
6/2/2022,21:17:29:864,0
6/2/2022,21:17:29:914,0
6/2/2022,21:17:29:964,0
6/2/2022,21:17:30:014,0
6/2/2022,21:17:30:064,0
6/2/2022,21:17:30:114,0
6/2/2022,21:17:30:164,0
6/2/2022,21:17:30:214,0
6/2/2022,21:17:30:264,0
6/2/2022,21:17:30:314,0
6/2/2022,21:17:30:364,0
6/2/2022,21:17:30:414,0
6/2/2022,21:17:30:464,0
6/2/2022,21:17:30:514,0
6/2/2022,21:17:30:564,0
6/2/2022,21:17:30:615,0
6/2/2022,21:17:30:664,0
6/2/2022,21:17:30:714,0
6/2/2022,21:17:30:764,0
6/2/2022,21:17:30:814,0
6/2/2022,21:17:30:864,0
6/2/2022,21:18:30:864,0
6/2/2022,21:19:30:864,0
6/2/2022,21:20:30:864,0
6/2/2022,21:21:30:864,0
6/2/2022,21:22:30:864,0
6/2/2022,21:23:30:864,0
6/2/2022,21:24:30:864,0
6/2/2022,21:25:30:864,0
6/2/2022,21:26:30:864,0
6/2/2022,21:27:30:864,0
6/2/2022,21:28:30:864,0
6/2/2022,21:29:30:864,0
6/2/2022,21:30:30:864,0
6/2/2022,21:31:30:864,0
6/2/2022,21:32:30:864,0
6/2/2022,21:33:30:864,0
6/2/2022,21:34:30:864,0
6/2/2022,21:35:30:864,0
6/2/2022,21:36:30:864,0
6/2/2022,21:37:30:864,0
6/2/2022,21:38:30:864,0
6/2/2022,21:39:30:864,0
6/2/2022,21:40:30:864,0
6/2/2022,21:41:30:864,0
6/2/2022,21:42:30:864,0
6/2/2022,21:43:30:864,0
6/2/2022,21:44:30:864,0
6/2/2022,21:45:30:864,0
6/2/2022,21:46:30:864,0
6/2/2022,21:47:30:864,0
6/2/2022,21:48:30:865,0
6/2/2022,21:49:30:864,0
6/2/2022,21:50:30:864,0
6/2/2022,21:51:30:864,0
6/2/2022,21:52:30:864,0
6/2/2022,21:53:30:864,0
6/2/2022,21:54:30:864,0
6/2/2022,21:55:30:864,0
6/2/2022,21:56:30:864,0
6/2/2022,21:57:30:864,0
6/2/2022,21:58:30:864,0
6/2/2022,21:59:30:864,0
6/2/2022,22:00:30:864,0
6/2/2022,22:01:30:864,0
6/2/2022,22:02:30:864,0
6/2/2022,22:03:30:864,0
6/2/2022,22:04:30:864,0
6/2/2022,22:05:30:864,0
6/2/2022,22:06:30:864,0
6/2/2022,22:07:30:864,0
6/2/2022,22:08:30:864,0
6/2/2022,22:09:30:864,0
6/2/2022,22:10:30:864,0
6/2/2022,22:11:30:864,0
6/2/2022,22:12:30:864,0
6/2/2022,22:13:30:864,0
6/2/2022,22:14:30:864,0
6/2/2022,22:15:30:864,0
6/2/2022,22:16:30:864,0
6/2/2022,22:17:30:864,0
6/2/2022,22:18:30:864,0
6/2/2022,22:19:30:864,0
6/2/2022,22:20:30:864,0
6/2/2022,22:21:30:864,0
6/2/2022,22:22:30:864,0
6/2/2022,22:23:30:864,0
6/2/2022,22:24:30:864,0
6/2/2022,22:25:30:864,0
6/2/2022,22:26:30:864,0
6/2/2022,22:27:30:864,0
6/2/2022,22:28:30:864,0
6/2/2022,22:29:30:864,0
6/2/2022,22:30:30:864,0
6/2/2022,22:31:30:864,0
6/2/2022,22:32:30:864,0
6/2/2022,22:33:30:864,0
6/2/2022,22:34:30:864,0
6/2/2022,22:35:30:864,0
6/2/2022,22:36:30:864,0
6/2/2022,22:37:30:864,0
6/2/2022,22:38:30:864,0
6/2/2022,22:39:30:864,0
6/2/2022,22:40:30:864,0
6/2/2022,22:41:30:864,0
6/2/2022,22:42:30:864,0
6/2/2022,22:43:30:864,0
6/2/2022,22:44:30:864,0
6/2/2022,22:45:30:864,0
6/2/2022,22:46:30:864,0
6/2/2022,22:47:30:864,0
6/2/2022,22:48:30:864,0
6/2/2022,22:49:30:864,0
6/2/2022,22:50:30:864,0
6/2/2022,22:51:30:864,0
6/2/2022,22:52:30:865,0
6/2/2022,22:53:30:864,0
6/2/2022,22:54:30:864,0
6/2/2022,22:56:30:864,0
6/2/2022,22:57:30:864,0
6/2/2022,22:58:30:864,0
6/2/2022,22:59:30:864,0
6/2/2022,23:00:30:864,0
6/2/2022,23:03:28:996,0
6/2/2022,23:04:28:996,0
6/2/2022,23:05:28:996,0
6/2/2022,23:06:28:996,0
6/2/2022,23:07:28:997,0
6/2/2022,23:08:28:996,0
6/2/2022,23:09:28:971,0
6/2/2022,23:10:28:971,0
6/2/2022,23:11:28:252,0
6/2/2022,23:12:28:252,0
6/2/2022,23:13:28:252,0
6/2/2022,23:14:28:252,0
6/2/2022,23:15:28:252,0
6/2/2022,23:22:28:203,0
6/2/2022,23:23:28:203,0
6/2/2022,23:24:28:203,0
6/2/2022,23:25:28:203,0
6/2/2022,23:26:28:203,0
6/2/2022,23:27:28:203,0
6/2/2022,23:28:28:203,0
6/2/2022,23:29:28:203,0
6/2/2022,23:30:28:203,0
6/2/2022,23:31:28:203,0
6/2/2022,23:32:28:203,0
6/2/2022,23:33:28:203,0
6/2/2022,23:34:28:203,0
6/2/2022,23:35:28:203,0
6/2/2022,23:36:28:203,0
6/2/2022,23:37:28:203,0
6/2/2022,23:38:28:203,0
6/2/2022,23:39:28:203,0
6/2/2022,23:40:28:203,0
6/2/2022,23:41:28:203,0
6/2/2022,23:42:28:105,0
6/2/2022,23:43:28:105,0
6/2/2022,23:44:28:105,0
6/2/2022,23:45:28:105,0
6/2/2022,23:46:28:105,0
6/2/2022,23:47:28:105,0
6/2/2022,23:48:28:105,0
6/2/2022,23:49:28:105,0
6/2/2022,23:50:28:105,0
6/2/2022,23:51:28:105,0
6/2/2022,23:52:28:105,0
6/2/2022,23:53:28:106,0
6/2/2022,23:54:28:105,0
6/2/2022,23:55:28:105,0
6/2/2022,23:56:28:105,0
6/2/2022,23:57:28:105,0
6/2/2022,23:58:28:105,0
6/2/2022,23:59:28:105,0
6/3/2022,00:00:28:105,0
6/3/2022,00:01:28:105,0
6/3/2022,00:02:28:105,0
6/3/2022,00:03:28:105,0
6/3/2022,00:04:28:105,0
6/3/2022,00:05:28:105,0
6/3/2022,00:06:28:105,0
6/3/2022,00:07:28:105,0
6/3/2022,00:08:28:105,0
6/3/2022,00:09:28:105,0
6/3/2022,00:10:28:105,0
6/3/2022,00:11:28:741,0
6/3/2022,00:12:28:737,0
6/3/2022,00:13:28:737,0
6/3/2022,00:14:28:737,0
6/3/2022,00:15:28:737,0
6/3/2022,00:16:28:737,0
6/3/2022,00:17:28:737,0
6/3/2022,00:18:28:737,0
6/3/2022,00:19:28:737,0
6/3/2022,00:20:28:737,0
6/3/2022,00:21:28:737,0
6/3/2022,00:22:28:737,0
6/3/2022,00:23:28:737,0
6/3/2022,00:24:28:737,0
6/3/2022,00:25:28:737,0
6/3/2022,00:26:28:737,0
6/3/2022,00:27:28:737,0
6/3/2022,00:28:28:737,0
6/3/2022,00:29:28:737,0
6/3/2022,00:30:28:737,0
6/3/2022,00:31:28:737,0
6/3/2022,00:32:28:737,0
6/3/2022,00:33:28:737,0
6/3/2022,00:34:28:738,0
6/3/2022,00:35:28:737,0
6/3/2022,00:36:28:737,0
6/3/2022,00:37:28:737,0
6/3/2022,00:38:28:737,0
6/3/2022,00:39:28:737,0
6/3/2022,00:40:28:737,0
6/3/2022,00:41:28:737,0
6/3/2022,00:42:28:737,0
6/3/2022,00:43:28:737,0
6/3/2022,00:44:28:737,0
6/3/2022,00:45:28:737,0
6/3/2022,00:46:28:737,0
6/3/2022,00:47:28:737,0
6/3/2022,00:48:28:737,0
6/3/2022,00:49:28:737,0
6/3/2022,00:50:28:737,0
6/3/2022,00:51:28:737,0
6/3/2022,00:52:28:737,0
6/3/2022,00:53:28:737,0
6/3/2022,00:54:28:737,0
6/3/2022,00:55:28:737,0
6/3/2022,00:56:28:737,0
6/3/2022,00:57:28:737,0
6/3/2022,00:58:28:737,0
6/3/2022,00:59:28:737,0
6/3/2022,01:00:28:737,0
6/3/2022,01:01:28:737,0
6/3/2022,01:02:28:737,0
6/3/2022,01:03:28:737,0
6/3/2022,01:04:28:737,0
6/3/2022,01:05:28:737,0
6/3/2022,01:06:28:737,0
6/3/2022,01:07:28:737,0
6/3/2022,01:08:28:737,0
6/3/2022,01:09:28:737,0
6/3/2022,01:10:28:737,0
6/3/2022,01:11:28:737,0
6/3/2022,01:12:28:737,0
6/3/2022,01:13:28:737,0
6/3/2022,01:14:28:737,0
6/3/2022,01:15:28:738,0
6/3/2022,01:16:28:737,0
6/3/2022,01:17:28:737,0
6/3/2022,01:18:28:737,0
6/3/2022,01:19:28:737,0
6/3/2022,01:20:28:737,0
6/3/2022,01:21:28:737,0
6/3/2022,01:22:28:737,0
6/3/2022,01:23:28:737,0
6/3/2022,01:24:28:737,0
6/3/2022,01:25:28:737,0
6/3/2022,01:26:28:737,0
6/3/2022,01:27:28:737,0
6/3/2022,01:28:28:737,0
6/3/2022,01:29:28:737,0
6/3/2022,01:30:28:737,0
6/3/2022,01:31:28:737,0
6/3/2022,01:32:28:737,0
6/3/2022,01:33:28:737,0
6/3/2022,01:34:28:737,0
6/3/2022,01:35:28:737,0
6/3/2022,01:36:28:737,0
6/3/2022,01:41:28:228,0
6/3/2022,01:42:28:228,0
6/3/2022,01:43:28:228,0
6/3/2022,01:44:28:228,0
6/3/2022,01:45:28:228,0
6/3/2022,01:46:28:228,0
6/3/2022,01:47:28:228,0
6/3/2022,01:48:28:228,0
6/3/2022,01:49:28:228,0
6/3/2022,01:50:28:228,0
6/3/2022,01:51:28:228,0
6/3/2022,01:52:28:228,0
6/3/2022,01:53:28:228,0
6/3/2022,01:54:28:228,0
6/3/2022,01:55:28:228,0
6/3/2022,01:56:28:228,0
6/3/2022,01:57:28:228,0
6/3/2022,01:58:28:228,0
6/3/2022,01:59:28:228,0
6/3/2022,02:00:28:228,0
6/3/2022,02:01:28:228,0
6/3/2022,02:04:27:905,0
6/3/2022,02:05:27:905,0
6/3/2022,02:06:27:905,0
6/3/2022,02:07:27:905,0
6/3/2022,02:08:27:905,0
6/3/2022,02:09:27:905,0
6/3/2022,02:10:27:905,0
6/3/2022,02:11:27:905,0
6/3/2022,02:12:27:905,0
6/3/2022,02:13:27:905,0
6/3/2022,02:23:27:586,0
6/3/2022,02:24:27:586,0
6/3/2022,02:25:27:943,0
6/3/2022,02:26:27:943,0
6/3/2022,02:27:27:943,0
6/3/2022,02:28:27:943,0
6/3/2022,02:29:27:943,0
6/3/2022,02:30:27:943,0
6/3/2022,02:31:27:943,0
6/3/2022,02:38:27:625,0
6/3/2022,02:39:27:625,0
6/3/2022,02:40:27:626,0
6/3/2022,02:41:27:625,0
6/3/2022,02:42:27:625,0
6/3/2022,02:45:28:103,0
6/3/2022,02:46:28:103,0
6/3/2022,02:47:28:096,0
6/3/2022,02:48:28:096,0
6/3/2022,02:49:28:096,0
6/3/2022,02:50:28:096,0
6/3/2022,02:51:28:096,0
6/3/2022,04:28:27:468,0
6/3/2022,04:29:27:468,0
6/3/2022,04:30:27:468,0
6/3/2022,04:31:27:468,0
6/3/2022,04:32:27:468,0
6/3/2022,04:33:27:468,0
6/3/2022,04:34:27:468,0
6/3/2022,04:35:27:468,0
6/3/2022,04:36:27:468,0
6/3/2022,04:37:27:468,0
6/3/2022,04:38:27:468,0
6/3/2022,04:39:27:468,0
6/3/2022,04:40:27:468,0
6/3/2022,04:41:27:468,0
6/3/2022,04:42:27:468,0
6/3/2022,04:43:27:468,0
6/3/2022,04:44:27:468,0
6/3/2022,04:45:27:468,0
6/3/2022,04:46:27:468,0
6/3/2022,04:47:27:468,0
6/3/2022,04:48:27:374,0
6/3/2022,04:49:27:374,0
6/3/2022,04:50:27:374,0
6/3/2022,04:51:27:374,0
6/3/2022,04:52:27:374,0
6/3/2022,10:55:26:084,0
6/3/2022,10:56:26:084,0
6/3/2022,10:57:26:084,0
6/3/2022,10:58:26:084,0
6/3/2022,10:59:26:084,0
6/3/2022,11:00:26:084,0
6/3/2022,11:01:26:084,0
6/3/2022,11:02:26:084,0
6/3/2022,11:03:26:084,0
6/3/2022,11:04:26:084,0
6/3/2022,11:05:26:084,0
6/3/2022,11:06:26:084,0
6/3/2022,11:07:26:084,0
6/3/2022,11:08:26:084,0
6/3/2022,11:09:26:084,0
6/3/2022,11:10:26:084,0
6/3/2022,11:11:26:084,0
6/3/2022,11:12:26:014,0
6/3/2022,11:13:26:014,0
6/3/2022,11:14:26:014,0
6/3/2022,11:15:26:014,0
6/3/2022,11:16:26:014,0
6/3/2022,11:19:26:076,0
6/3/2022,11:20:26:076,0
6/3/2022,11:21:26:076,0
6/3/2022,11:22:26:076,0
6/3/2022,11:23:26:076,0
6/3/2022,11:24:26:076,0
6/3/2022,11:25:26:076,0
6/3/2022,11:26:26:076,0
6/3/2022,11:27:26:076,0
6/3/2022,11:28:26:076,0
6/3/2022,11:51:25:466,0
6/3/2022,11:52:25:466,0
6/3/2022,11:53:25:466,0
6/3/2022,11:54:25:454,0
6/3/2022,11:55:25:454,0
6/3/2022,18:33:24:107,0
6/3/2022,18:34:24:107,0
6/3/2022,18:35:24:107,0
6/3/2022,18:36:24:107,0
6/3/2022,18:37:24:107,0
6/3/2022,18:38:24:107,0
6/3/2022,18:39:24:107,0
6/3/2022,18:40:24:107,0
6/3/2022,18:41:24:107,0
6/3/2022,18:42:24:107,0
6/3/2022,18:43:24:107,0
6/3/2022,18:44:24:107,0
6/3/2022,18:45:24:107,0
6/3/2022,18:46:24:107,0
6/3/2022,18:47:24:107,0
6/3/2022,18:48:24:107,0
6/3/2022,18:49:24:107,0
6/3/2022,18:50:24:107,0
6/3/2022,18:51:24:107,0
6/3/2022,18:52:24:107,0
6/3/2022,18:53:24:005,0
6/3/2022,18:54:24:005,0
6/3/2022,18:55:24:005,0
6/3/2022,18:56:24:005,0
6/3/2022,18:57:24:005,0
6/3/2022,19:00:23:409,0
6/3/2022,19:01:23:409,0
6/3/2022,19:02:23:409,0
6/3/2022,19:03:23:409,0
6/3/2022,19:04:23:393,0
6/3/2022,19:05:23:393,0
6/3/2022,19:07:23:772,0
6/3/2022,19:08:23:772,0
6/3/2022,19:09:23:772,0
6/3/2022,19:11:24:104,0
6/3/2022,19:12:24:104,0
6/3/2022,19:13:24:095,0
6/3/2022,19:14:24:095,0
6/3/2022,19:30:23:679,0
6/3/2022,19:31:23:674,0
6/3/2022,19:32:23:674,0
6/3/2022,19:55:23:868,0
6/3/2022,19:56:23:868,0
6/3/2022,19:57:23:868,0
6/3/2022,19:58:23:868,0
6/3/2022,19:59:23:868,0
